word,count
the,8123
and,6847
of,5130
to,4515
in,3091
is,2963
they,2917
allah,2901
,2591
a,2438
for,2347
that,2332
them,2176
he,2082
ye,2014
who,1979
will,1968
we,1883
but,1697
their,1598
it,1590
not,1569
you,1453
be,1426
those,1412
with,1263
from,1207
have,1183
are,1173
his,1068
on,1047
him,1033
lord,960
all,937
if,925
or,870
as,823
your,812
say,776
do,773
thou,769
then,744
said,711
when,691
i,666
what,666
no,666
this,663
shall,659
thee,615
which,606
by,590
our,551
so,542
one,529
day,529
my,521
there,519
people,511
thy,509
us,471
believe,470
has,443
me,429
earth,418
were,415
nor,402
was,396
things,379
most,372
men,370
before,359
any,351
may,350
had,341
signs,339
did,339
sent,327
truth,321
indeed,320
such,315
among,312
verily,311
out,310
whom,310
hath,300
would,289
made,287
good,274
fear,273
evil,267
faith,261
against,257
an,256
down,251
come,249
been,247
give,246
see,240
than,239
sura,237
other,233
messenger,233
can,232
should,230
penalty,229
up,228
know,225
life,214
at,211
after,210
man,208
therein,208
only,207
turn,207
some,204
book,202
fire,201
heavens,200
make,195
back,194
power,193
behold,193
over,191
away,187
own,187
its,186
into,183
unto,181
except,180
knowledge,178
reject,177
moses,175
unbelievers,175
right,174
deeds,170
truly,170
let,165
way,164
mercy,164
how,163
even,162
hearts,161
themselves,161
doth,160
reward,158
every,157
take,157
thus,155
like,154
between,154
best,154
full,153
created,153
call,149
clear,148
never,147
forth,146
these,142
given,139
allahs,139
worship,138
follow,138
wrong,136
about,136
well,135
punishment,134
guidance,133
each,133
messengers,133
more,133
came,132
judgment,126
nothing,124
ask,123
nay,122
two,120
without,119
merciful,118
hereafter,118
cause,118
believers,117
yet,117
now,117
righteous,117
message,116
bring,115
leave,115
because,114
true,112
am,110
time,109
night,109
order,107
none,107
her,107
certainly,107
until,105
art,104
whose,101
besides,101
yourselves,101
rejected,101
through,100
another,100
might,99
women,98
path,97
knoweth,97
witness,97
exalted,96
prayer,95
soul,95
put,95
servants,94
help,93
upon,93
sign,93
could,92
gave,92
command,92
find,92
ones,91
brought,91
soon,91
angels,89
grievous,88
land,88
wisdom,87
send,87
god,87
together,87
receive,86
show,85
while,85
place,85
pharaoh,85
word,85
understand,84
others,83
ever,83
hands,83
account,83
hell,83
children,82
light,82
end,82
quran,81
righteousness,81
companions,81
souls,81
great,80
return,80
death,80
gardens,80
world,80
knows,80
grace,79
many,79
also,79
turned,78
why,77
remember,77
forgiveness,77
hast,76
wilt,76
garden,76
better,76
she,76
guide,76
abraham,75
set,75
work,75
deny,75
mankind,74
revealed,74
son,74
sight,73
glory,73
gods,73
go,72
again,72
sin,72
seek,71
promise,71
just,70
doubt,69
eyes,69
water,69
partners,69
bear,68
oftforgiving,68
himself,68
matter,67
therefore,67
gracious,66
sustenance,66
due,66
regular,65
enter,65
wish,65
above,65
prophet,64
left,64
fathers,64
praise,63
bestowed,63
raised,63
part,63
whatever,63
revelation,62
peace,62
comes,62
charity,62
fight,62
taste,62
does,61
trust,61
straight,60
means,60
eat,60
far,60
religion,60
think,60
astray,59
appointed,59
ah,58
both,58
wise,57
dwell,57
though,57
whether,56
forgive,56
wrongdoers,56
little,56
hear,56
believed,56
authority,56
admonition,56
wrath,55
amongst,55
dead,55
grant,55
favours,55
hand,55
father,54
mischief,54
sons,54
obey,54
hour,54
creation,53
tidings,53
behind,53
free,53
thing,53
falsehood,52
presence,52
high,51
spend,51
die,51
get,51
used,51
term,51
surely,50
lest,50
worlds,49
rivers,49
heaven,49
saying,49
woe,49
manifest,49
single,49
noah,48
covenant,48
able,48
serve,48
patience,48
found,48
least,48
sure,47
false,47
sky,47
stand,47
glad,47
sins,47
speak,47
heart,47
thereof,47
old,46
love,46
listen,46
concerning,46
wealth,46
promised,46
israel,45
morning,45
took,45
keep,45
praises,45
inspiration,45
neither,45
home,45
faces,45
brother,45
affairs,45
bounty,45
pass,45
establish,45
warning,45
forbidden,44
alone,44
tell,44
first,44
hold,44
profit,44
already,44
off,44
lie,44
name,43
satan,43
judge,43
yea,43
justice,43
granted,43
open,43
something,42
provided,42
rain,42
celebrate,42
being,42
desire,42
called,42
enough,42
measure,42
done,42
harm,41
drink,41
reach,41
gives,41
equal,41
much,41
dost,41
last,40
beneath,40
guided,40
kind,40
respite,40
near,40
sun,39
here,39
taken,39
dispute,39
days,39
protector,39
islam,39
punish,39
seest,39
destroyed,39
mountains,39
produce,38
bow,38
words,38
favour,38
case,38
received,38
ourselves,38
must,38
strength,38
saw,38
dominion,37
cannot,37
grateful,37
remembrance,37
wills,37
homes,37
strive,37
understanding,37
according,37
cattle,36
repentance,36
mary,36
ranks,36
ways,36
cherisher,36
lost,36
grieve,36
guard,36
knew,36
food,36
prostrate,36
blame,36
didst,36
beautiful,36
arrogant,36
portion,35
therewith,35
towards,35
very,35
too,35
followed,35
law,35
anything,35
become,35
unless,35
makes,35
wait,35
plan,35
aught,35
fall,35
cast,35
family,34
joseph,34
flow,34
create,34
mind,34
conduct,34
face,34
commanded,34
sincere,34
belong,34
sacred,34
lead,34
hidden,34
recompense,34
record,34
throw,33
wife,33
hope,33
vain,33
unjust,33
belongs,33
warner,33
firm,33
duty,33
acquainted,33
generations,33
join,33
woman,32
fruits,32
witnesses,32
pure,32
told,32
trial,32
slay,32
firmly,32
lawful,32
whoever,32
share,32
reached,32
passed,32
beyond,32
raise,32
mighty,32
hypocrites,31
unseen,31
same,31
warn,31
blind,31
prepared,31
therefrom,31
party,31
pleases,31
enemy,31
change,31
prayers,31
pleaseth,31
honour,31
easy,31
story,31
moon,30
darkness,30
round,30
desires,30
curse,30
years,30
bestow,30
long,30
look,30
worthy,30
dust,30
abode,30
seized,30
length,30
midst,30
meet,29
conceal,29
went,29
rest,29
fruit,29
loveth,29
destroy,29
established,29
terrible,29
admit,29
aforetime,29
rebellious,29
decree,29
prophets,28
city,28
loss,28
error,28
taught,28
practise,28
blazing,28
cut,28
wives,28
ordained,28
believing,28
throne,28
gather,28
bounds,28
protectors,28
lut,28
mutual,27
reveal,27
sea,27
saved,27
says,27
treat,27
number,27
house,27
ill,27
bliss,27
mother,27
pray,27
vision,27
supreme,27
under,27
jinns,27
prosper,26
really,26
seeing,26
seven,26
delivered,26
age,26
hide,26
became,26
parents,26
sees,26
whole,26
sends,26
present,26
decision,26
works,26
greater,26
heareth,26
chiefs,26
friends,26
perish,26
explain,26
thamud,26
news,25
proclaim,25
abundance,25
adam,25
placed,25
where,25
state,25
spirit,25
transgressors,25
jesus,25
times,25
certain,25
peoples,25
either,25
persons,25
burden,25
secret,25
remove,25
wicked,25
company,25
guides,25
shame,25
affair,25
refuge,25
meeting,25
spread,24
mount,24
evidence,24
aid,24
wronged,24
increase,24
till,24
backs,24
pleasure,24
drive,24
earned,24
ungrateful,24
further,24
aaron,24
travel,24
female,24
hasten,24
thought,24
theirs,24
forward,24
war,23
use,23
stray,23
joined,23
within,23
gone,23
wouldst,23
fulfilled,23
yours,23
living,23
wherein,23
oaths,23
creatures,23
seeking,23
flowing,23
past,23
standing,23
final,23
answer,23
invoke,23
side,23
deliver,23
ad,23
gain,22
resurrection,22
willed,22
save,22
accepted,22
anyone,22
few,22
test,22
declare,22
three,22
gathered,22
course,22
child,22
seize,22
rehearsed,22
fail,22
brothers,22
asunder,21
similitude,21
terror,21
learn,21
abide,21
patient,21
oft,21
transgressed,21
sacrifice,21
heard,21
purpose,21
fact,21
asked,21
turns,21
going,21
new,21
persevere,21
perceive,21
property,21
houses,21
transgress,21
speech,21
brethren,21
gifts,21
leaves,21
enjoy,21
cry,21
secure,21
hearing,20
want,20
ears,20
rejecters,20
approach,20
tree,20
fulfil,20
forget,20
live,20
touch,20
enemies,20
slain,20
pagans,20
helper,20
wast,20
parable,20
limits,20
prescribed,20
fast,20
doing,20
giveth,20
suffer,20
deed,20
coming,20
swear,20
detail,20
canst,20
secrets,19
cover,19
hard,19
humility,19
springs,19
solomon,19
question,19
please,19
clearly,19
repent,19
feel,19
ark,19
male,19
clay,19
distress,19
severe,19
person,19
sides,19
daughters,19
forgiving,19
provide,19
sinners,19
blessed,19
aye,19
holy,18
victory,18
small,18
avail,18
kindness,18
orphans,18
wellacquainted,18
permission,18
kept,18
fitting,18
allknowing,18
feed,18
mosque,18
goal,18
goods,18
hears,18
known,18
act,18
pay,18
heed,18
security,18
forces,18
depths,18
draw,18
heavy,18
strong,18
goodly,18
thyself,18
held,18
admonish,18
companion,18
watch,18
once,18
burdens,18
pairs,18
reality,17
garments,17
purity,17
thine,17
clouds,17
faults,17
unbelief,17
rehearse,17
jacob,17
period,17
nearest,17
caused,17
seen,17
shalt,17
carry,17
lay,17
beings,17
forbid,17
wind,17
despair,17
feet,17
enjoyment,17
sorcery,17
protect,17
pleased,17
frustrate,17
telling,17
blood,16
needs,16
highest,16
iblis,16
thereafter,16
need,16
refuse,16
worshipped,16
brings,16
similar,16
self,16
accept,16
isaac,16
fixed,16
destruction,16
making,16
strict,16
months,16
provision,16
led,16
matters,16
manner,16
constancy,16
david,16
willeth,16
produced,16
books,16
grow,16
beauty,16
touched,16
decreed,16
having,16
sit,16
possess,16
guilty,16
following,16
less,16
mission,16
boiling,16
mayest,16
removed,16
talk,16
add,16
winds,15
break,15
deaf,15
servant,15
helpers,15
special,15
prayed,15
perchance,15
fell,15
knowest,15
jews,15
cometh,15
nations,15
service,15
chosen,15
complete,15
patiently,15
kinds,15
shameful,15
journey,15
later,15
reaches,15
bounties,15
cried,15
fighting,15
marry,15
four,15
mothers,15
decide,15
marriage,15
bodies,15
retribution,15
endued,15
teach,15
injustice,15
care,15
myself,15
attribute,15
remain,15
obstinate,15
returned,15
scattered,15
ridicule,15
animals,15
violent,15
eye,15
ancients,15
giving,15
cities,15
weight,15
thanks,15
wont,15
ready,15
possessed,15
blast,15
king,14
adoration,14
gold,14
divorce,14
read,14
names,14
enjoin,14
scripture,14
example,14
crime,14
humiliating,14
disobey,14
lo,14
magic,14
respect,14
belongeth,14
ruin,14
turning,14
descend,14
openly,14
skies,14
substance,14
gratitude,14
close,14
believes,14
oath,14
wombs,14
twice,14
terms,14
unable,14
gift,14
eternal,14
bones,14
birds,14
benefit,14
devotion,14
unjustly,14
blessing,14
deal,14
submit,14
low,14
entered,14
evening,14
attain,14
freely,14
invent,14
rejoice,14
nature,14
reply,14
plot,14
straying,14
apostle,14
deluded,14
hinder,14
liars,14
flood,14
ascribe,14
dignity,14
assuredly,14
proved,14
lofty,14
believer,13
run,13
steadfast,13
surety,13
wander,13
utter,13
walk,13
follows,13
confirming,13
divided,13
town,13
christians,13
behalf,13
plain,13
fair,13
disgrace,13
hearken,13
doers,13
thousand,13
threw,13
naught,13
wert,13
guideth,13
ground,13
ships,13
associate,13
appear,13
nigh,13
vanities,13
pour,13
settled,13
honourable,13
tarried,13
shown,13
pieces,13
dealt,13
minds,13
constant,13
excellent,13
ignorance,13
sisters,13
lusts,13
friend,13
charge,13
angel,13
couldst,13
sudden,13
various,13
try,13
wandering,13
reckoning,13
stars,13
balance,13
overwhelmed,13
along,13
sought,13
whereof,13
proportion,13
filled,13
voice,13
hud,12
seal,12
disease,12
chance,12
stones,12
moreover,12
price,12
heads,12
intercession,12
helped,12
drowned,12
gate,12
worse,12
transgressing,12
commands,12
ransom,12
whenever,12
blasphemy,12
else,12
places,12
offspring,12
ismail,12
progeny,12
calamity,12
meat,12
flesh,12
suffering,12
slave,12
parties,12
indigent,12
wants,12
arrogance,12
clean,12
suitable,12
loan,12
sets,12
benefits,12
verses,12
point,12
becomes,12
dreadful,12
hosts,12
disposer,12
withhold,12
dark,12
taking,12
inheritance,12
cursed,12
plots,12
takes,12
opened,12
position,12
broke,12
commit,12
hellfire,12
tongue,12
devoted,12
lurch,12
play,12
delight,12
inheritors,12
shuaib,12
punished,12
looking,12
lower,12
heat,12
warned,12
arabic,12
human,12
trees,12
ingratitude,12
burn,12
thrones,12
mim,11
event,11
assembly,11
veil,11
deceive,11
realise,11
still,11
felicity,11
calf,11
strike,11
covered,11
rejecting,11
ignorant,11
slew,11
unmindful,11
private,11
write,11
miserable,11
effect,11
strengthened,11
aside,11
quite,11
truthful,11
east,11
saith,11
tried,11
safety,11
muslims,11
justly,11
lives,11
blessings,11
footsteps,11
reasonable,11
wrongdoing,11
permitted,11
offer,11
fought,11
consider,11
hurt,11
forbearing,11
former,11
appoint,11
injury,11
move,11
desist,11
difficulty,11
weak,11
gospel,11
denied,11
met,11
christ,11
plotted,11
lords,11
contrary,11
itself,11
rank,11
lose,11
listened,11
iniquity,11
showed,11
females,11
achievement,11
thrown,11
sort,11
piety,11
â€”,11
reason,11
forgives,11
counsel,11
evident,11
fulfilment,11
invented,11
gates,11
treasures,11
trumpet,11
creator,11
explained,11
perdition,11
sense,11
salih,11
relate,11
worst,11
desert,11
arabs,11
forged,11
prison,11
subjected,11
subject,11
eternity,11
cave,10
direction,10
glorify,10
refused,10
endure,10
rich,10
body,10
wishes,10
guarded,10
choose,10
west,10
everything,10
answered,10
salvation,10
symbols,10
lot,10
ocean,10
adversity,10
white,10
thereto,10
oppression,10
cease,10
defend,10
alluring,10
differ,10
wished,10
loves,10
instruction,10
dower,10
friendship,10
hundred,10
perhaps,10
corn,10
acts,10
devour,10
silver,10
chaste,10
falsehoods,10
mouths,10
haste,10
requital,10
necks,10
heirs,10
wherewith,10
actually,10
sufficient,10
wide,10
creates,10
rebellion,10
misled,10
result,10
irresistible,10
tales,10
grief,10
rejection,10
shouldst,10
dry,10
green,10
idols,10
lies,10
leaders,10
head,10
began,10
got,10
delay,10
liar,10
sorcerers,10
count,10
mentioned,10
uudgment,10
reflect,10
stay,10
stages,10
creature,10
mention,10
satisfaction,10
joy,10
pilgrimage,9
smoke,9
bowing,9
scatter,9
quraish,9
assurance,9
around,9
dumb,9
guardianlord,9
ordered,9
bowed,9
transgression,9
enmity,9
oftreturning,9
shade,9
always,9
young,9
alike,9
argument,9
kindred,9
preserve,9
teaching,9
bearer,9
form,9
chose,9
rather,9
doings,9
visit,9
avowed,9
swallow,9
kin,9
practice,9
slaughter,9
prohibited,9
offering,9
ten,9
earn,9
wine,9
constantly,9
tilth,9
husbands,9
equitable,9
separate,9
treated,9
half,9
band,9
force,9
disputed,9
bare,9
seeth,9
assured,9
writing,9
forgiveth,9
blot,9
meaning,9
numerous,9
support,9
early,9
swift,9
calling,9
defiance,9
decline,9
protection,9
assigned,9
tongues,9
render,9
feared,9
hatred,9
misfortune,9
multiplied,9
remained,9
disaster,9
disobeyed,9
fault,9
stayed,9
nearer,9
escape,9
claim,9
spent,9
skins,9
fine,9
different,9
salutation,9
mens,9
stretch,9
forgot,9
sinful,9
trouble,9
shecamel,9
inspired,9
confusion,9
mocked,9
amusement,9
seem,9
hastened,9
rising,9
advance,9
thereon,9
build,9
shower,9
sorcerer,9
valley,9
ignominy,9
humble,9
stories,9
ends,9
population,9
flight,9
heifer,8
thunder,8
confederates,8
dealing,8
glorious,8
clot,8
dawn,8
l,8
fro,8
lightning,8
fuel,8
perfect,8
aright,8
group,8
humiliation,8
despised,8
posterity,8
conjecture,8
behave,8
pride,8
insolent,8
wrongfully,8
specially,8
revelations,8
strayed,8
begotten,8
compass,8
retreat,8
destination,8
race,8
wickedness,8
enforce,8
needy,8
during,8
accomplished,8
questions,8
bestows,8
warnings,8
bad,8
exile,8
beforehand,8
waiting,8
jest,8
carried,8
degrees,8
rejects,8
rise,8
replied,8
covering,8
barren,8
strengthen,8
driven,8
future,8
submission,8
zakariya,8
superior,8
worshippers,8
spiritual,8
prosperity,8
resist,8
restore,8
ease,8
avert,8
afraid,8
headlong,8
tested,8
lying,8
rewards,8
burning,8
real,8
issued,8
short,8
abundant,8
spacious,8
enjoined,8
mightest,8
plainly,8
mislead,8
depart,8
apostles,8
distraction,8
recite,8
intend,8
beware,8
abomination,8
shape,8
inflicted,8
inscribed,8
splendour,8
greatest,8
admonished,8
habitations,8
wonder,8
insolently,8
madyan,8
rod,8
win,8
failed,8
ornaments,8
preach,8
insolence,8
hadst,8
dwellings,8
humbled,8
arrived,8
colours,8
warners,8
powerful,8
pursued,8
front,8
invite,8
parables,8
perpetual,8
utterly,8
adorned,8
aloud,8
closer,8
populations,8
flocks,8
sounded,8
merges,8
ha,7
hajj,7
criterion,7
consultation,7
sand,7
star,7
iron,7
noise,7
ages,7
increased,7
helps,7
canopy,7
doubts,7
design,7
whilst,7
sell,7
study,7
certainty,7
preferred,7
compensation,7
absence,7
exchange,7
misery,7
sinai,7
soil,7
sound,7
o,7
knowingly,7
envy,7
substitute,7
questioned,7
heels,7
wherever,7
rehearsing,7
hunger,7
invoked,7
forced,7
purify,7
wayfarer,7
restrain,7
selfrestraint,7
month,7
mark,7
proper,7
catch,7
transgresses,7
poor,7
directed,7
devotees,7
suffered,7
courses,7
purified,7
intention,7
degree,7
husband,7
double,7
credit,7
families,7
mere,7
faithful,7
big,7
sleep,7
grain,7
ear,7
public,7
usury,7
paid,7
guardian,7
possessions,7
announce,7
pleasest,7
distance,7
charged,7
born,7
disputes,7
earnestly,7
s,7
crooked,7
befalls,7
doubled,7
object,7
admitted,7
iniquities,7
enduring,7
sister,7
lewdness,7
inherit,7
latter,7
treasure,7
slander,7
chastity,7
knowing,7
niggardly,7
intimate,7
cool,7
oppressed,7
strongest,7
greeting,7
flee,7
running,7
abroad,7
carries,7
deities,7
collect,7
completed,7
sorrow,7
fully,7
brotherhood,7
determined,7
mock,7
sealed,7
deceived,7
issue,7
pleasing,7
practised,7
alas,7
pair,7
sects,7
fill,7
seduce,7
six,7
detest,7
utmost,7
alive,7
whereon,7
adopt,7
seemed,7
impure,7
heedless,7
generous,7
task,7
striving,7
buried,7
excuses,7
r,7
completely,7
chastisement,7
decided,7
interpretation,7
shirt,7
tale,7
rent,7
ladies,7
load,7
prostration,7
mysteries,7
awe,7
invites,7
convenience,7
second,7
honoured,7
worked,7
recline,7
barrier,7
screen,7
smooth,7
graves,7
enlarges,7
fluid,7
ills,7
table,6
saba,6
sad,6
crowds,6
tracts,6
muhammad,6
sustainer,6
mockery,6
traffic,6
haughty,6
livelihood,6
nights,6
changed,6
rock,6
sabbath,6
gush,6
engage,6
guilt,6
lightened,6
succession,6
blaspheme,6
forgotten,6
accomplish,6
proof,6
forbids,6
sanctify,6
rites,6
instruct,6
folly,6
appeared,6
tribes,6
qibla,6
afflicted,6
void,6
disobedience,6
address,6
fears,6
difficulties,6
secretly,6
black,6
judges,6
tumult,6
likewise,6
household,6
precincts,6
quick,6
possible,6
prevent,6
excuse,6
advantage,6
laid,6
dispose,6
devout,6
foot,6
granteth,6
river,6
endowed,6
stands,6
tarry,6
falls,6
harvest,6
datepalms,6
gets,6
earns,6
foundation,6
firmness,6
devoutly,6
convey,6
bringest,6
noble,6
planned,6
section,6
bore,6
dwelling,6
rush,6
died,6
breasts,6
selves,6
regard,6
enlightenment,6
deception,6
exult,6
reverence,6
comfort,6
descendants,6
solemn,6
dowers,6
kill,6
eschew,6
obedience,6
conferred,6
fresh,6
ties,6
happens,6
tellest,6
attack,6
arms,6
promises,6
mend,6
killed,6
impiety,6
favor,6
main,6
desired,6
pronounced,6
persisted,6
committed,6
rewarded,6
violence,6
mine,6
deafness,6
proportions,6
tranquillity,6
dates,6
inventions,6
breast,6
setting,6
requite,6
heeded,6
camels,6
prove,6
paths,6
expelled,6
marks,6
heralds,6
roots,6
rained,6
bewitched,6
exacted,6
expect,6
hair,6
yokes,6
fish,6
stain,6
smite,6
caravan,6
achieve,6
year,6
leader,6
exemption,6
lag,6
rejoicing,6
hopes,6
observe,6
counsels,6
laugh,6
actions,6
thirst,6
plead,6
reading,6
plotting,6
sail,6
waves,6
recorded,6
sentence,6
hate,6
egypt,6
glitter,6
mountain,6
spring,6
suspicious,6
overtook,6
control,6
snare,6
cup,6
brief,6
shake,6
hills,6
gains,6
fashioned,6
skill,6
acceptable,6
increases,6
shows,6
growth,6
silk,6
sperm,6
pearls,6
foremost,6
faculties,6
haman,6
riches,6
restricts,6
consorts,6
humiliated,6
sorting,6
imran,5
heights,5
spoils,5
ants,5
luqman,5
inner,5
inevitable,5
gathering,5
holding,5
jinn,5
flame,5
rope,5
trespasses,5
press,5
stunning,5
couch,5
fed,5
causes,5
dwellingplace,5
whosoever,5
outside,5
punishments,5
tremendous,5
returning,5
twelve,5
scriptures,5
split,5
entertain,5
aim,5
thereby,5
breaks,5
solemnly,5
captives,5
although,5
falsely,5
overlook,5
torment,5
muslim,5
oh,5
wheresoever,5
alternation,5
beasts,5
slaves,5
regrets,5
calls,5
cries,5
swine,5
necessity,5
throughout,5
periods,5
demand,5
handsome,5
grave,5
concerned,5
forgave,5
doors,5
prevail,5
continue,5
crops,5
bed,5
members,5
rights,5
wrongs,5
agree,5
heir,5
scale,5
careth,5
causeth,5
swiftly,5
stone,5
vines,5
grasp,5
remains,5
obligations,5
reduce,5
scribe,5
faithfully,5
possession,5
alif,5
lam,5
plight,5
namely,5
invited,5
settle,5
bird,5
disciples,5
disputing,5
rests,5
rage,5
large,5
rear,5
aware,5
overcome,5
gently,5
lips,5
bargain,5
twain,5
choice,5
relatives,5
sixth,5
third,5
payment,5
debts,5
testify,5
afterwards,5
repented,5
allwise,5
wed,5
expel,5
contempt,5
road,5
shades,5
satans,5
obeyed,5
affection,5
direct,5
fury,5
partner,5
treaty,5
restraining,5
instead,5
baggage,5
stated,5
contend,5
crimes,5
requited,5
altogether,5
swerve,5
uttered,5
hindered,5
animal,5
perspicuous,5
bringer,5
opposite,5
intended,5
swore,5
stood,5
enjoyed,5
befall,5
tears,5
excess,5
futile,5
exact,5
asylum,5
pasture,5
worldly,5
poured,5
written,5
hemmed,5
watching,5
veils,5
intercessor,5
keys,5
guardians,5
below,5
responsibility,5
laws,5
happen,5
intercessors,5
equals,5
leading,5
eight,5
invents,5
forbade,5
tasted,5
explaining,5
beginning,5
preference,5
cult,5
powerless,5
previous,5
lands,5
spoken,5
wrought,5
dog,5
shun,5
gradually,5
scheme,5
bears,5
stratagem,5
plans,5
safe,5
appointment,5
lived,5
dream,5
disperse,5
averse,5
restrained,5
expected,5
delights,5
numbers,5
prefer,5
fate,5
idle,5
mansions,5
labour,5
merely,5
resources,5
medina,5
knower,5
avoid,5
felt,5
fleeing,5
process,5
accord,5
differences,5
thereat,5
repeats,5
fancy,5
business,5
commemorate,5
happened,5
whomsoever,5
moving,5
waters,5
longer,5
disquieting,5
conceived,5
wonderful,5
guests,5
descends,5
events,5
confused,5
space,5
produces,5
bound,5
reproach,5
diverse,5
vanity,5
deserts,5
mad,5
breathed,5
prostrated,5
deep,5
wood,5
feeling,5
distressed,5
spermdrop,5
today,5
intelligence,5
shelter,5
magnificent,5
stage,5
nine,5
recited,5
youths,5
bracelets,5
entertainment,5
recital,5
majesty,5
condition,5
march,5
weary,5
seed,5
drop,5
understands,5
covenants,5
lamp,5
summoned,5
bitter,5
watering,5
palace,5
lagged,5
morrow,5
traces,5
approved,5
f,5
keepers,5
hamim,5
fealty,5
firmament,5
orphan,5
opening,4
immunity,4
jonah,4
rocky,4
tract,4
ta,4
ranged,4
qaf,4
tur,4
battle,4
array,4
pen,4
folded,4
tear,4
frowned,4
zodiacal,4
overwhelming,4
convulsion,4
kaba,4
master,4
fain,4
fools,4
cloud,4
fingers,4
grows,4
adore,4
lowest,4
leads,4
firmaments,4
shed,4
perseverance,4
lowly,4
pharaohs,4
forty,4
maker,4
looked,4
rebelled,4
beseech,4
drew,4
jewish,4
towering,4
height,4
colour,4
beholders,4
offered,4
goodwill,4
piece,4
hardened,4
numbered,4
assist,4
rancour,4
recognised,4
confirmation,4
blasphemers,4
learned,4
sow,4
profited,4
happiness,4
abounding,4
patron,4
infidelity,4
selfish,4
paradise,4
station,4
schism,4
responsible,4
momentous,4
wilful,4
pain,4
allahfearing,4
cases,4
approaches,4
feeding,4
intends,4
mosques,4
intent,4
virtue,4
hostility,4
prevented,4
provisions,4
multitude,4
dazzle,4
differed,4
shaken,4
dislike,4
access,4
unbeliever,4
divorced,4
reconciliation,4
married,4
iddat,4
widows,4
contract,4
resolve,4
wealthy,4
remit,4
mans,4
habit,4
exercise,4
goes,4
steps,4
intercede,4
fatigue,4
guarding,4
compulsion,4
clothe,4
yes,4
sufficeth,4
underneath,4
poverty,4
disclose,4
trade,4
unfailing,4
beg,4
receiving,4
pledge,4
conceals,4
punisheth,4
distinction,4
submitted,4
fare,4
named,4
chamber,4
provides,4
yahya,4
common,4
entrusted,4
plighted,4
pit,4
lit,4
five,4
pardon,4
varying,4
booty,4
divert,4
moved,4
wholly,4
travelling,4
consult,4
draws,4
chooses,4
tied,4
heritage,4
sitting,4
watches,4
related,4
division,4
deceased,4
legacies,4
fourth,4
obedient,4
kingdom,4
often,4
farthest,4
fellowship,4
fortune,4
value,4
feeble,4
obeys,4
withdraw,4
temptation,4
belonged,4
profits,4
finds,4
standest,4
assault,4
throws,4
joins,4
rebel,4
encompasseth,4
sincerely,4
plea,4
convincing,4
dies,4
pilgrim,4
garb,4
fruitless,4
misdeeds,4
overthrown,4
spreading,4
judged,4
thoughts,4
sport,4
accursed,4
exceed,4
ate,4
pursuit,4
dwelt,4
wellpleased,4
obvious,4
concealed,4
wings,4
forms,4
communities,4
favoured,4
withered,4
silent,4
blown,4
prophethood,4
bringing,4
maketh,4
sendeth,4
vegetation,4
olives,4
incline,4
heap,4
selfsufficient,4
males,4
mixed,4
accuse,4
improve,4
recompensed,4
towns,4
prostrating,4
meanest,4
suggestions,4
wear,4
arrive,4
hamstrung,4
earthquake,4
brimstone,4
ruined,4
flourished,4
messages,4
realised,4
consequences,4
abandon,4
buildings,4
entirely,4
swoon,4
grieved,4
foolish,4
afflict,4
generation,4
inclined,4
callest,4
attention,4
troop,4
persist,4
vanquish,4
adopted,4
mates,4
compared,4
therefor,4
added,4
sedition,4
denial,4
content,4
covetous,4
lied,4
mounts,4
crumble,4
nearly,4
perceived,4
lifetime,4
inform,4
defender,4
apart,4
recognise,4
healing,4
schisms,4
encircled,4
departed,4
construct,4
forthwith,4
lasting,4
fountains,4
embark,4
centre,4
meal,4
upside,4
perished,4
assert,4
torn,4
mortal,4
carrying,4
lean,4
runs,4
countenance,4
since,4
publicly,4
marshalled,4
worshipping,4
flaming,4
carpet,4
providing,4
sounding,4
clearflowing,4
adherents,4
roads,4
directions,4
birth,4
express,4
instructive,4
milk,4
mystery,4
quiet,4
wool,4
devotee,4
revert,4
repel,4
adultery,4
encompass,4
inordinate,4
tornado,4
showers,4
drown,4
suns,4
everyone,4
relief,4
brass,4
brocade,4
deem,4
boat,4
wall,4
molten,4
mystic,4
upper,4
caller,4
poet,4
exempt,4
imagined,4
puts,4
polytheists,4
fit,4
distant,4
ancient,4
finest,4
fly,4
fornication,4
serious,4
display,4
repose,4
huge,4
view,4
omen,4
bar,4
almost,4
devoid,4
qarun,4
sake,4
sorted,4
touches,4
yellow,4
supply,4
reaching,4
annoy,4
appreciate,4
reclining,4
brightness,4
fierce,4
glances,4
lets,4
asking,4
room,4
uesus,4
clamour,4
goblets,4
bind,4
await,4
palmtrees,4
commotion,4
cleft,4
preserved,4
koran,3
meanings,3
yusuf,3
contents,3
bee,3
poets,3
spider,3
roman,3
empire,3
adornments,3
mist,3
knee,3
winding,3
apartments,3
rahman,3
pleads,3
banishment,3
friday,3
nun,3
ascent,3
spirits,3
wrapped,3
folding,3
fraud,3
fig,3
honor,3
piling,3
scandal,3
elephant,3
custodians,3
nasr,3
m,3
kindled,3
forsake,3
ratified,3
comprehended,3
perfection,3
slip,3
manifestly,3
dazed,3
manna,3
quails,3
harmed,3
plenty,3
repeatedly,3
staff,3
gushed,3
slaying,3
sabians,3
apes,3
lesson,3
tone,3
bringeth,3
perverted,3
understood,3
puffed,3
sold,3
taint,3
vile,3
perverse,3
discord,3
submits,3
doer,3
exceeding,3
origin,3
covenanted,3
foundations,3
celebration,3
reap,3
testimony,3
thither,3
instructing,3
toil,3
season,3
entitled,3
amends,3
overflowing,3
unrighteous,3
relations,3
purchase,3
doom,3
equality,3
murder,3
next,3
changes,3
fasting,3
calleth,3
appears,3
restraint,3
afford,3
pace,3
whence,3
type,3
contentious,3
scoff,3
gambling,3
unbelieving,3
acting,3
rightly,3
freedom,3
re,3
mutually,3
weaning,3
tie,3
strictly,3
especially,3
middle,3
frame,3
convenient,3
maintenance,3
abandoned,3
gifted,3
abundantly,3
symbol,3
armies,3
stream,3
army,3
goliath,3
vanquished,3
check,3
trustworthy,3
patrons,3
ruins,3
roofs,3
manifold,3
generosity,3
likeness,3
receives,3
streams,3
burnt,3
receiveth,3
modesty,3
madness,3
repeat,3
deprive,3
dictate,3
disdain,3
spot,3
discharge,3
believeth,3
journeys,3
severest,3
shapes,3
basic,3
grantor,3
predecessors,3
covet,3
branded,3
nearness,3
agony,3
rule,3
givest,3
causest,3
precaution,3
confronted,3
womb,3
supplied,3
arrows,3
childhood,3
erect,3
unbounded,3
owe,3
binding,3
willing,3
unlawful,3
enters,3
attains,3
obstruct,3
holds,3
inviting,3
enjoining,3
accepting,3
tent,3
material,3
grieves,3
contemptible,3
hot,3
frustrated,3
width,3
ashamed,3
statement,3
godly,3
foes,3
glance,3
calm,3
stirred,3
blotted,3
engaged,3
sighs,3
woeful,3
foe,3
refrain,3
covetously,3
scorching,3
prophecies,3
attained,3
mate,3
countless,3
worthless,3
release,3
growing,3
directs,3
twothirds,3
ordain,3
amend,3
harshness,3
footing,3
equity,3
odious,3
suck,3
proceeding,3
wedlock,3
prohibitions,3
derive,3
beds,3
neighbours,3
rub,3
devise,3
trusts,3
determination,3
disgust,3
precautions,3
built,3
referred,3
fallen,3
truer,3
alliance,3
intentionally,3
higher,3
danger,3
betray,3
seeks,3
innocent,3
talks,3
conveyed,3
marked,3
arrange,3
air,3
disagree,3
success,3
occasion,3
displeasure,3
wholesome,3
job,3
psalms,3
excesses,3
blow,3
partly,3
eaten,3
wild,3
perfected,3
pronounce,3
wash,3
formed,3
evils,3
continued,3
repeated,3
standard,3
transformed,3
eating,3
outstretched,3
kindle,3
extinguish,3
handiwork,3
equivalent,3
satisfy,3
derogation,3
succeed,3
affliction,3
ascribed,3
decrees,3
ladder,3
plunged,3
ceased,3
delivereth,3
vow,3
vengeance,3
limit,3
discourse,3
vainly,3
guiding,3
elias,3
estimate,3
plunge,3
fancies,3
spathes,3
grapes,3
pomegranates,3
diligently,3
spite,3
deceit,3
meats,3
exactly,3
overtaken,3
sheep,3
fat,3
ancestors,3
argue,3
doeth,3
meed,3
whisper,3
raiment,3
camel,3
finally,3
disregarded,3
draweth,3
trespass,3
duties,3
advice,3
tall,3
devised,3
reckoned,3
indulged,3
rescued,3
grew,3
asleep,3
broad,3
versed,3
suspense,3
wellversed,3
struck,3
fake,3
confirmed,3
trick,3
cross,3
simply,3
omens,3
steeped,3
across,3
folk,3
penalties,3
tablets,3
commanding,3
desolate,3
dragged,3
seventy,3
unlettered,3
sustains,3
drawing,3
evenings,3
justify,3
assistance,3
plant,3
handful,3
acquire,3
fifth,3
hither,3
persevering,3
treacherous,3
prisoners,3
subdued,3
subsequently,3
assembled,3
dissolved,3
pious,3
elated,3
addition,3
seems,3
heavily,3
drove,3
preparation,3
inactive,3
unwillingly,3
alms,3
debt,3
listens,3
hypocrisy,3
expedition,3
complaint,3
miss,3
layeth,3
suspicion,3
taketh,3
muhajirs,3
straitened,3
devote,3
shining,3
measured,3
nowise,3
forge,3
traverse,3
originates,3
atom,3
greatness,3
township,3
compel,3
merit,3
definite,3
prolonged,3
betake,3
pouring,3
forelock,3
transgressor,3
inflict,3
rushing,3
baked,3
goeth,3
dear,3
obviously,3
unknown,3
bottom,3
wolf,3
hang,3
expound,3
dreams,3
oil,3
prone,3
josephs,3
furnished,3
stockintrade,3
steal,3
locked,3
permits,3
anguish,3
pillars,3
palm,3
otherwise,3
watered,3
strange,3
renewed,3
assign,3
channels,3
persevered,3
enlarge,3
confirm,3
ashes,3
straightway,3
horror,3
gaze,3
fetters,3
corruption,3
subsistence,3
mud,3
moulded,3
obeisance,3
facing,3
inevitably,3
intoxication,3
strain,3
wing,3
parts,3
ride,3
tender,3
results,3
slow,3
retain,3
similitudes,3
whichever,3
twinkling,3
mail,3
vanish,3
wickedly,3
garment,3
preaching,3
neck,3
scroll,3
weigh,3
reduced,3
ample,3
smoothly,3
seizes,3
remote,3
resolved,3
crowd,3
allowed,3
crookedness,3
cornfields,3
tumbled,3
stubble,3
praying,3
proceeded,3
falling,3
youth,3
zulqarnain,3
murky,3
tribute,3
steep,3
red,3
palmtree,3
babe,3
beget,3
sincerity,3
necessarily,3
drag,3
sect,3
council,3
brand,3
endeavour,3
snake,3
stint,3
duly,3
plants,3
magicians,3
ropes,3
faked,3
sinner,3
samiri,3
returns,3
broadcast,3
naked,3
field,3
highways,3
breath,3
intelligently,3
proclaimed,3
leechlike,3
perform,3
snatched,3
line,3
neglected,3
extent,3
blots,3
snatch,3
sex,3
enable,3
floating,3
behaved,3
obstinately,3
laughing,3
invokes,3
compassion,3
similarly,3
wherewithal,3
enclosed,3
glass,3
wellnigh,3
mirage,3
legs,3
outer,3
salute,3
walks,3
sweet,3
salt,3
extravagant,3
wretch,3
attacked,3
compassed,3
destined,3
judgmentseat,3
suckle,3
earlier,3
conveniences,3
grants,3
doubted,3
begins,3
eventide,3
propound,3
partworship,3
points,3
fragments,3
weakness,3
swell,3
oceans,3
chief,3
deceiver,3
zihar,3
delusion,3
idea,3
adds,3
difficult,3
opinion,3
confirms,3
fountain,3
zaqqum,3
creators,3
cold,3
belonging,3
furious,3
stronger,3
lustrous,3
permit,3
speedy,3
wellguarded,3
sovereign,3
carpets,3
atoms,3
powder,3
covetousness,3
denies,3
stern,3
whoso,3
determine,3
expanse,3
text,2
english,2
published,2
fatiha,2
chapter,2
baqara,2
aliimran,2
nisaa,2
maida,2
anam,2
araf,2
anfal,2
tauba,2
baraat,2
yunus,2
rad,2
ibrahim,2
alhijr,2
nahl,2
bani,2
israil,2
kahf,2
maryam,2
anbiyaa,2
muminun,2
nur,2
furqan,2
shuaraa,2
naml,2
qasas,2
narration,2
ankabut,2
rum,2
sajda,2
ahzab,2
fatir,2
originator,2
malaika,2
yasin,2
saffat,2
zumar,2
mumin,2
shura,2
zukhruf,2
dukhan,2
jathiya,2
ahqaf,2
fath,2
hu,2
jurat,2
zariyat,2
qamar,2
waqia,2
hadid,2
mujadila,2
hashr,2
mumtahana,2
examined,2
saff,2
jumua,2
munafiqun,2
tagabun,2
talaq,2
tahrim,2
mulk,2
qalam,2
haqqa,2
maarij,2
nuh,2
muzzammil,2
muddaththir,2
qiyamat,2
dahr,2
insan,2
mursalat,2
nabaa,2
naziat,2
abasa,2
takwir,2
infitar,2
cleaving,2
tatfif,2
inshiqaq,2
rending,2
buruj,2
tariq,2
visitant,2
ala,2
gashiya,2
fajr,2
balad,2
shams,2
lail,2
dhuha,2
inshirah,2
expansion,2
tin,2
iqraa,2
alaq,2
qadr,2
baiyina,2
zilzal,2
adiyat,2
al,2
qaria,2
clamor,2
takathur,2
asr,2
humaza,2
monger,2
fil,2
maun,2
neighborly,2
kauthar,2
kafirun,2
lahab,2
ikhlas,2
falaq,2
nas,2
incur,2
jesting,2
bartered,2
zones,2
rivals,2
thereunto,2
vicegerent,2
bountiful,2
belie,2
tasks,2
slaughtered,2
womenfolk,2
posture,2
plague,2
groweth,2
makest,2
fool,2
trained,2
fields,2
showeth,2
hardness,2
rocks,2
backslide,2
banish,2
buy,2
impostors,2
wrappings,2
behests,2
greedy,2
idolaters,2
gabriel,2
import,2
jew,2
christian,2
quarrel,2
zeal,2
whithersoever,2
primal,2
speaketh,2
satisfied,2
studied,2
imams,2
rendered,2
legacy,2
merits,2
difference,2
balanced,2
whencesoever,2
startest,2
bent,2
consent,2
sanctifying,2
impulse,2
recogniseth,2
sailing,2
scatters,2
cleared,2
shout,2
guiltless,2
remission,2
bequest,2
usage,2
fasts,2
thread,2
distinct,2
moons,2
suppress,2
prohibition,2
umra,2
completing,2
allotted,2
everywhere,2
nation,2
trials,2
offence,2
strove,2
allures,2
girls,2
monthly,2
permissible,2
injure,2
cherish,2
consummation,2
fixation,2
amount,2
liberality,2
riding,2
residence,2
restored,2
multiply,2
talut,2
fitted,2
drinks,2
sip,2
convinced,2
steadfastly,2
advanced,2
ject,2
spoke,2
succeeding,2
wrangle,2
bargaining,2
selfsubsisting,2
slumber,2
feeleth,2
grasped,2
handhold,2
confounded,2
donkey,2
reminders,2
cancel,2
fertile,2
yield,2
moisture,2
caught,2
closed,2
unseemly,2
restricted,2
thinks,2
sundry,2
notice,2
capital,2
sums,2
repay,2
errs,2
remind,2
juster,2
teaches,2
deposits,2
trustee,2
tainted,2
condemn,2
step,2
fundamental,2
allegorical,2
fails,2
hoards,2
horses,2
excellence,2
hours,2
dissent,2
cautions,2
commend,2
lots,2
maturity,2
createth,2
figure,2
heal,2
lepers,2
store,2
planners,2
hoard,2
readily,2
demanding,2
distort,2
adding,2
apostates,2
stretches,2
arise,2
forbidding,2
gloom,2
trifling,2
annoyance,2
pitched,2
destitution,2
emulation,2
strikes,2
bite,2
tips,2
cunning,2
compasseth,2
stations,2
meditated,2
saidst,2
onslaught,2
expose,2
obtain,2
anger,2
mastery,2
wound,2
purge,2
testing,2
flinch,2
weaken,2
escaped,2
suspicions,2
ours,2
dare,2
amass,2
broken,2
forsakes,2
confer,2
smote,2
suffereth,2
votaries,2
twisted,2
taunt,2
chattels,2
personal,2
purchased,2
contemplate,2
wonders,2
strutting,2
captive,2
helpless,2
regards,2
distribution,2
portions,2
eighth,2
ascendants,2
bit,2
guardianship,2
loins,2
owners,2
ordinances,2
lighten,2
heinous,2
shares,2
beat,2
lightly,2
breach,2
vainglorious,2
ceremonial,2
impurity,2
washing,2
offices,2
contact,2
recognition,2
sanctity,2
averted,2
roasted,2
meant,2
conciliation,2
accordance,2
lovers,2
illtreated,2
oppressors,2
touching,2
rouse,2
recommends,2
courteous,2
courtesy,2
upset,2
guarantees,2
confidence,2
mistake,2
kills,2
freeing,2
freed,2
investigate,2
carefully,2
negligent,2
slacken,2
hardships,2
approve,2
knewest,2
becoming,2
joining,2
leaving,2
slit,2
deface,2
settlement,2
swayed,2
greed,2
hanging,2
theme,2
defy,2
betwixt,2
earnestness,2
distracted,2
publish,2
miracle,2
proofs,2
incurred,2
divine,2
crucified,2
devoured,2
beareth,2
trinity,2
violate,2
garlands,2
rancor,2
inclination,2
resisteth,2
rectitude,2
revealing,2
passing,2
beloved,2
series,2
kings,2
presented,2
raven,2
thief,2
turneth,2
listening,2
rabbis,2
doctors,2
nose,2
tooth,2
wounds,2
atonement,2
humbly,2
triumph,2
disobedient,2
racing,2
increaseth,2
curses,2
expiation,2
sworn,2
intoxicants,2
abstain,2
game,2
feareth,2
offerings,2
superstitions,2
lack,2
response,2
recount,2
viands,2
festival,2
wake,2
scoffers,2
weighty,2
possibly,2
inventeth,2
rejecteth,2
pretend,2
tunnel,2
flies,2
leaveth,2
remnant,2
suddenly,2
accountable,2
comparison,2
recesses,2
delivers,2
calamities,2
warrant,2
elisha,2
sojourn,2
heaped,2
datepalm,2
variety,2
begin,2
revile,2
inspire,2
constricted,2
climb,2
detailed,2
reacheth,2
dues,2
waste,2
wasters,2
enclose,2
trod,2
afternoon,2
mercies,2
disgraced,2
adviser,2
sew,2
assigning,2
anticipation,2
folds,2
lurking,2
crier,2
bless,2
behaviour,2
oer,2
longing,2
evidently,2
imbecile,2
stature,2
threatenest,2
palaces,2
castles,2
plains,2
defied,2
threats,2
unawares,2
hindering,2
doomed,2
possessors,2
serpent,2
posts,2
swallows,2
earnest,2
locusts,2
fashion,2
thirty,2
addressed,2
precepts,2
arrogantly,2
image,2
angry,2
thirsty,2
visited,2
sections,2
inherited,2
forgiven,2
lolls,2
profanity,2
dispense,2
occur,2
search,2
united,2
assaults,2
efforts,2
lights,2
mornings,2
ul,2
disposal,2
hostile,2
despoil,2
bonds,2
enacted,2
including,2
steeds,2
repaid,2
thoroughly,2
looketh,2
ordainment,2
designs,2
prior,2
declaration,2
announcement,2
aided,2
engagements,2
league,2
kinship,2
unfaith,2
aggressive,2
indignation,2
commerce,2
priests,2
anchorites,2
allow,2
bury,2
flanks,2
struggle,2
immediate,2
hurrying,2
surrounds,2
willingly,2
contributions,2
molest,2
talking,2
midian,2
largely,2
hated,2
weep,2
sat,2
infirm,2
informed,2
payments,2
source,2
swerved,2
ardently,2
anxious,2
ayats,2
wonderment,2
governing,2
repeateth,2
toucheth,2
crieth,2
postures,2
passeth,2
board,2
decked,2
rules,2
originate,2
explanation,2
visible,2
blasphemies,2
agreement,2
however,2
persecute,2
hid,2
inmost,2
temporary,2
keeps,2
obscured,2
despise,2
wrongdoer,2
compassionate,2
distressful,2
practising,2
abominations,2
rightminded,2
brimstones,2
layer,2
lovingkindness,2
sayest,2
stoned,2
consideration,2
mown,2
wretched,2
planneth,2
abatement,2
arose,2
picked,2
travellers,2
tomorrow,2
attend,2
agreed,2
counted,2
fastened,2
agreeable,2
passion,2
door,2
bidding,2
vilest,2
assure,2
enquire,2
lingered,2
kine,2
released,2
harvests,2
virtuous,2
hospitality,2
trusted,2
experience,2
saddlebag,2
thieves,2
bondman,2
conference,2
illness,2
soothing,2
despairs,2
sown,2
concerted,2
associating,2
exposition,2
marvel,2
exemplary,2
thunderbolts,2
subjection,2
shadows,2
surface,2
scum,2
respond,2
attainment,2
spouses,2
penitence,2
pretence,2
outlying,2
borders,2
planning,2
language,2
declared,2
tribunal,2
frustration,2
fetid,2
throat,2
unrelenting,2
furiously,2
tempestuous,2
root,2
disobeys,2
hearer,2
fixedly,2
stare,2
amuse,2
anticipate,2
ungodly,2
creep,2
ascending,2
fairseeming,2
stealth,2
immovable,2
sources,2
whither,2
inhabitants,2
tokens,2
highway,2
oftrepeated,2
classes,2
gentleness,2
extract,2
plough,2
lifeless,2
undoubtedly,2
roof,2
pleasant,2
darkens,2
inward,2
applies,2
expires,2
issues,2
stop,2
soft,2
stuff,2
coats,2
kith,2
forger,2
utters,2
enjoying,2
extremes,2
sprung,2
enlighten,2
note,2
cherished,2
blameworthy,2
engagement,2
enquired,2
hateful,2
troubles,2
sending,2
cavalry,2
ship,2
swallowed,2
respective,2
additional,2
entry,2
exit,2
date,2
belief,2
walking,2
spending,2
mingled,2
magnify,2
herbage,2
betook,2
enormity,2
disposes,2
rose,2
prevailed,2
pomp,2
walls,2
hem,2
implore,2
grapevines,2
underground,2
encompassed,2
level,2
forgetting,2
attendant,2
junction,2
seas,2
sawest,2
scuttled,2
rebuke,2
raising,2
unheard,2
parting,2
dire,2
scarcely,2
gog,2
magog,2
ink,2
exhausted,2
ya,2
ain,2
unblest,2
represent,2
grown,2
overbearing,2
withdrew,2
herself,2
unchaste,2
pains,2
trunk,2
forbear,2
converse,2
idris,2
salutations,2
knees,2
burned,2
weakest,2
limited,2
honours,2
burst,2
singly,2
contention,2
tuwa,2
celebrating,2
fodder,2
active,2
motion,2
minister,2
chest,2
bank,2
keeping,2
forgets,2
match,2
tryst,2
assemble,2
quickly,2
magician,2
abiding,2
suggest,2
comprehends,2
whispers,2
sounds,2
seduced,2
trifles,2
quenched,2
flag,2
speaks,2
ward,2
scales,2
images,2
biggest,2
fie,2
commemoration,2
zulkifl,2
unity,2
rolled,2
unformed,2
foster,2
dweller,2
country,2
vows,2
assigns,2
sacrificial,2
contentment,2
traitor,2
commemorated,2
clothed,2
withholds,2
failing,2
petition,2
imposed,2
bond,2
quintessence,2
congealed,2
lump,2
disembark,2
disbelieved,2
eats,2
accused,2
groan,2
supplication,2
nonsense,2
partition,2
relationships,2
flog,2
stripes,2
launch,2
solitary,2
rushed,2
glibly,2
kinsmen,2
olive,2
glorified,2
parched,2
billow,2
topped,2
bellies,2
occasions,2
lame,2
summons,2
misbelievers,2
streets,2
comparisons,2
conceit,2
rass,2
thinkest,2
shadow,2
palatable,2
repents,2
bend,2
proceed,2
raging,2
amply,2
abrahams,2
absolute,2
announced,2
reminder,2
information,2
retraced,2
bosom,2
acted,2
crush,2
hoopoe,2
territory,2
letter,2
vehement,2
augur,2
followers,2
beast,2
artistry,2
adversary,2
character,2
nourish,2
fellow,2
furthest,2
damsels,2
sanctuary,2
exulted,2
deserted,2
collected,2
fifty,2
punishes,2
injured,2
disputation,2
talkers,2
feeds,2
exclusively,2
safely,2
ungratefully,2
defeated,2
extreme,2
happy,2
quest,2
pattern,2
travail,2
boaster,2
pens,2
individual,2
hospitable,2
dim,2
throats,2
situation,2
exposed,2
sharp,2
withdrawn,2
quietly,2
necessary,2
formality,2
possesses,2
uncles,2
aunts,2
makka,2
stir,2
calumnies,2
sing,2
chain,2
stride,2
rows,2
producing,2
mantle,2
lays,2
laden,2
purifies,2
weariness,2
delusions,2
sustain,2
vessels,2
sepulchres,2
condemned,2
fires,2
piercing,2
compelling,2
delicious,2
shoots,2
fruitstalks,2
top,2
mixture,2
approached,2
striking,2
forehead,2
shore,2
invention,2
farest,2
host,2
stakes,2
assemblies,2
disputants,2
ewes,2
beside,2
intensely,2
welcome,2
createdst,2
overlap,2
layers,2
withers,2
confront,2
overtake,2
shine,2
aversion,2
choke,2
chains,2
existence,2
blindness,2
goodness,2
yields,2
godhead,2
watchful,2
ingrate,2
withdraws,2
earliest,2
forsooth,2
forefathers,2
tubba,2
boil,2
insides,2
doctrine,2
testifies,2
intellect,2
finished,2
lessons,2
blinded,2
imagine,2
intervene,2
cant,2
voices,2
ascertain,2
complies,2
observed,2
stately,2
piled,2
noted,2
lift,2
errand,2
require,2
thrust,2
loving,2
frivolity,2
beneficent,2
soothsayer,2
burdened,2
encounter,2
horizon,2
lotetree,2
guards,2
fibre,2
plucking,2
stalk,2
coral,2
containing,2
cushions,2
freshness,2
changing,2
shut,2
furthermore,2
adjuration,2
esteem,2
liberal,2
rivalry,2
turnest,2
townships,2
structure,2
lookest,2
hollow,2
lamps,2
pliant,2
despicable,2
tones,2
bunches,2
encourage,2
ambush,2
dense,2
portents,2
scrolls,2
promulgated,2
fleeting,2
emitted,2
excessive,2
columns,2
blaze,2
sparks,2
morn,2
beaming,2
sijjin,2
register,2
hearkens,2
empty,2
toiling,2
nightvisitant,2
unfortunate,2
trieth,2
thinketh,2
fiercely,2
formats,1
translation,1
abdullah,1
ali,1
version,1
revised,1
presidency,1
islamic,1
researches,1
ifta,1
printed,1
fahd,1
printing,1
complex,1
formatting,1
william,1
b,1
brown,1
najm,1
ii,1
iii,1
profitless,1
lighted,1
rainladen,1
thunderclap,1
snatches,1
faculty,1
disdains,1
sunder,1
learnt,1
lighting,1
infringed,1
potherbs,1
cucumbers,1
garlic,1
lentils,1
onions,1
laughingstock,1
middling,1
fawncoloured,1
admiration,1
heifers,1
blemish,1
thenceforth,1
sink,1
illiterates,1
girt,1
consigned,1
drawn,1
faithlessness,1
gabrielfor,1
michael,1
ayat,1
faithless,1
babylon,1
harut,1
marut,1
buyers,1
ambiguous,1
abrogate,1
changeth,1
profess,1
celebratedwhose,1
allpervading,1
renders,1
decreeth,1
aday,1
imam,1
pleaded,1
evildoers,1
debase,1
universe,1
suffice,1
allhearing,1
baptism,1
baptize,1
ummat,1
safa,1
marwa,1
obeyeth,1
trail,1
strongly,1
goatherd,1
boldness,1
contracts,1
panic,1
compensate,1
concession,1
exceeds,1
saving,1
partiality,1
testator,1
hardship,1
ramadhan,1
facility,1
suppliant,1
bait,1
contribute,1
shave,1
ailment,1
scalp,1
necessitating,1
shaving,1
peaceful,1
conditions,1
undertakes,1
obscenity,1
wrangling,1
arafat,1
monument,1
usual,1
hastens,1
stays,1
wholeheartedly,1
canopies,1
train,1
substitutes,1
contumacy,1
beli,1
evers,1
encountered,1
wayfarers,1
graver,1
struggled,1
bearings,1
mix,1
beckon,1
beckons,1
womens,1
pollution,1
thoughtlessness,1
abstention,1
divorces,1
irrevocably,1
reunite,1
undue,1
marrying,1
cost,1
clothing,1
unfairly,1
chargeable,1
fostermother,1
betrothal,1
remitted,1
bequeath,1
thousands,1
bodily,1
prowess,1
relics,1
excused,1
drank,1
crossed,1
cope,1
routed,1
fulfilleth,1
permitteth,1
appeareth,1
extend,1
preserving,1
hamlet,1
reassure,1
mountaintops,1
grains,1
mostforbearing,1
stricken,1
whirlwind,1
honourably,1
getting,1
threatens,1
bids,1
promiseth,1
stains,1
required,1
importunately,1
pardoned,1
debtor,1
transactions,1
involving,1
incurs,1
liability,1
diminish,1
owes,1
liable,1
mentally,1
deficient,1
transaction,1
commercial,1
suffers,1
perversity,1
searching,1
grounded,1
deviate,1
combat,1
resisting,1
heapedup,1
welltilled,1
goals,1
selfcontrol,1
unlearned,1
arbitration,1
forgeries,1
strippest,1
enduest,1
dedicate,1
hearest,1
graciously,1
witnessing,1
signals,1
breathe,1
quicken,1
attest,1
allahhe,1
someone,1
chooseth,1
coin,1
stoodest,1
deign,1
cleans,1
prophetic,1
office,1
bid,1
allahwhile,1
unwilling,1
contains,1
sane,1
bakka,1
faction,1
brink,1
disputations,1
evolved,1
barring,1
likened,1
nipping,1
frost,1
destroys,1
intimacy,1
corrupt,1
overtakes,1
post,1
cowardice,1
badr,1
terrific,1
fringe,1
infamy,1
repaired,1
persisting,1
fortunes,1
martyrwitnesses,1
bands,1
annihilate,1
flinched,1
hanker,1
climbing,1
casting,1
befallen,1
excitement,1
anxiety,1
feelings,1
allahsuspicions,1
harshhearted,1
moment,1
misappropriated,1
smites,1
finding,1
martyrs,1
wounded,1
frightened,1
suggests,1
separates,1
withheld,1
collar,1
harms,1
consumed,1
determining,1
factor,1
praised,1
coverest,1
breakest,1
ultimate,1
vie,1
seeds,1
mixing,1
won,1
cheer,1
consume,1
wastefully,1
welloff,1
remuneration,1
allsufficient,1
determinate,1
disposing,1
estate,1
appropriate,1
childrens,1
alwise,1
reliable,1
confine,1
abominable,1
custom,1
fostermothers,1
fostersisters,1
stepdaughters,1
desiring,1
lust,1
vary,1
lustful,1
paramours,1
pledged,1
maintainers,1
disloyalty,1
illconduct,1
arbiters,1
hers,1
kinsfolk,1
strangers,1
niggardliness,1
steeps,1
doubleth,1
befogged,1
displace,1
raina,1
twist,1
fame,1
hindwards,1
sabbathbreakers,1
naybut,1
farthing,1
fellowmen,1
deepening,1
refer,1
resort,1
swearing,1
resistance,1
decisions,1
fullest,1
conviction,1
fighteth,1
rescue,1
natural,1
towers,1
meditate,1
records,1
nightly,1
discrepancy,1
divulge,1
investigators,1
clutches,1
careful,1
renegades,1
succumb,1
deceaseds,1
offers,1
coveting,1
perishable,1
grade,1
distinguished,1
guidepost,1
refugee,1
shorten,1
finish,1
prostrations,1
bearing,1
inconvenience,1
congregational,1
advocate,1
perfidy,1
flagrant,1
exhorts,1
secrecy,1
contends,1
persistent,1
forsaking,1
dupes,1
accordingly,1
cruelty,1
desertion,1
amicable,1
ardent,1
friendly,1
allreaching,1
denieth,1
increasing,1
triumphs,1
overreaching,1
immense,1
noised,1
values,1
midway,1
equally,1
presumption,1
boast,1
foods,1
wellgrounded,1
disdaineth,1
disdainful,1
legal,1
err,1
fulfill,1
fourfooted,1
exceptions,1
chase,1
resorting,1
hunt,1
shutting,1
strangling,1
gored,1
sacrificed,1
alters,1
raffling,1
hunting,1
intrigues,1
prepare,1
elbows,1
ankles,1
bathe,1
captains,1
wipe,1
wandered,1
thembarring,1
fewâ€”,1
deceits,1
estranged,1
unnecessary,1
leadeth,1
allevery,1
ignominiously,1
murdered,1
scratched,1
personâ€”,1
wage,1
execution,1
crucifixion,1
cutting,1
endures,1
suchit,1
fond,1
devouring,1
interfere,1
remits,1
retaliation,1
diverging,1
virtues,1
beguile,1
diseasethou,1
eagerly,1
harbored,1
reproaches,1
disapprove,1
treatment,1
uttering,1
widely,1
spendeth,1
mean,1
daily,1
trespassing,1
usually,1
learning,1
renounced,1
recognize,1
deliberate,1
average,1
dedication,1
divination,1
excite,1
clearest,1
lances,1
domestic,1
adjudged,1
repetition,1
watergame,1
landgame,1
instituted,1
loose,1
idol,1
sacrifices,1
twinbirths,1
stallioncamels,1
bequests,1
journeying,1
detain,1
beneficiary,1
relation,1
perjury,1
affirm,1
trespassed,1
breathest,1
becometh,1
healest,1
usâ€”,1
wit,1
watcher,1
fulfillment,1
parchment,1
dwelleth,1
lurketh,1
feedeth,1
talked,1
subterfuge,1
relapse,1
sometimes,1
contemn,1
alter,1
spurning,1
impatience,1
omitted,1
profound,1
placeth,1
dread,1
occasioned,1
wain,1
declares,1
leaf,1
swiftest,1
dangers,1
distresses,1
strife,1
arranging,1
recollection,1
reparation,1
bewildered,1
azar,1
takest,1
certitude,1
comprehendeth,1
confuse,1
beliefs,1
reasoning,1
uacob,1
uob,1
john,1
jonas,1
entrust,1
copy,1
sheets,1
scornfully,1
pet,1
seedgrain,1
datestone,1
sprout,1
cleaveth,1
daybreak,1
ordering,1
omniscient,1
beacons,1
spaces,1
departure,1
sheaths,1
clusters,1
feast,1
ripeness,1
consort,1
comprehension,1
instance,1
ignore,1
inspiring,1
flowery,1
discourses,1
strayeth,1
appetites,1
unchecked,1
earnings,1
whereby,1
burrow,1
openeth,1
toll,1
occupants,1
unwarned,1
successors,1
assignment,1
taboo,1
yoke,1
reserved,1
attribution,1
inventing,1
produceth,1
trellises,1
goats,1
oxen,1
impious,1
undivided,1
hoof,1
ox,1
adheres,1
entrails,1
bone,1
embracing,1
taboos,1
relative,1
unacquainted,1
assiduous,1
divide,1
exist,1
agents,1
erring,1
slept,1
absent,1
nicety,1
bade,1
adornment,1
stripping,1
tribe,1
deserved,1
apparel,1
purely,1
sisterpeople,1
needle,1
based,1
differently,1
rapid,1
governed,1
govern,1
heavyladen,1
haply,1
comest,1
adhered,1
graze,1
counsellors,1
legged,1
squat,1
breathing,1
lament,1
affluence,1
peril,1
daylight,1
played,1
carefree,1
feat,1
mosess,1
apposite,1
wreak,1
droughts,1
shortness,1
gripped,1
connected,1
plagues,1
wholesale,1
lice,1
frogs,1
selfexplained,1
considered,1
levelled,1
erected,1
fragment,1
communion,1
manifested,1
recovered,1
senses,1
erred,1
reckon,1
appeased,1
quaking,1
leadest,1
extendeth,1
allows,1
prohibits,1
releases,1
preachers,1
succeeded,1
shook,1
cherishes,1
mindful,1
elevated,1
misguided,1
government,1
eager,1
unnoticed,1
godpartners,1
befriend,1
suggestion,1
assail,1
deeper,1
relax,1
reader,1
loudness,1
unheedf,1
tremor,1
grades,1
disliked,1
unarmed,1
distasteful,1
implored,1
drowsiness,1
instil,1
fingertips,1
contended,1
threwest,1
declined,1
affecteth,1
particular,1
kidnap,1
misappropriate,1
whistling,1
clapping,1
blasphemed,1
farther,1
discouraged,1
started,1
fearest,1
treachery,1
twenty,1
temporal,1
findeth,1
treason,1
contracted,1
alliances,1
backwards,1
forwards,1
dissolve,1
treaties,1
beleaguer,1
escort,1
entice,1
violated,1
community,1
maintain,1
maintained,1
pilgrims,1
comparable,1
gained,1
dearer,1
battlefields,1
hunain,1
availed,1
constrain,1
unclean,1
enrich,1
acknowledge,1
jizya,1
uzair,1
mouth,1
imitate,1
foreheads,1
transposing,1
adjust,1
cling,1
equipped,1
weighed,1
tossed,1
disorder,1
sowing,1
martyrdom,1
expectant,1
reasons,1
caves,1
concealment,1
straightaway,1
indignant,1
employed,1
administer,1
funds,1
recently,1
reconciled,1
bondage,1
oppose,1
showing,1
emphasis,1
idly,1
mocking,1
mightier,1
flourishing,1
indulge,1
everlasting,1
revenge,1
enriched,1
consequence,1
unforgivable,1
perversely,1
tabuk,1
rejoiced,1
inaction,1
fiercer,1
influence,1
streaming,1
expenses,1
disasters,1
obtaining,1
vanguard,1
forsook,1
acknowledged,1
wrongdoings,1
disunite,1
warred,1
undermined,1
cliff,1
shakiness,1
concluded,1
dissociated,1
tenderhearted,1
ansar,1
constrained,1
spaciousness,1
bedouin,1
neighbourhood,1
ire,1
contingent,1
studies,1
gird,1
regulating,1
obtained,1
beginneth,1
draughts,1
fluids,1
solved,1
clearsigns,1
swifter,1
enableth,1
favourable,1
stormy,1
mingling,1
arises,1
clad,1
golden,1
powers,1
cleanmown,1
depth,1
rightful,1
regulates,1
fuller,1
elucidation,1
charges,1
ultimately,1
wanted,1
sinned,1
diseases,1
reciting,1
deeply,1
engrossed,1
dubious,1
prospereth,1
features,1
verified,1
obscurity,1
teacheth,1
abound,1
fold,1
dependeth,1
deposit,1
exultation,1
arrangeth,1
suras,1
replete,1
diminution,1
meetingplace,1
immature,1
speakest,1
starts,1
constructing,1
unloosed,1
floated,1
separated,1
abated,1
ended,1
rested,1
judi,1
justest,1
pleasures,1
imbecility,1
ascribing,1
hitherto,1
invitest,1
hamstring,1
belied,1
mistrust,1
laughed,1
purer,1
forbeareth,1
opposition,1
betterment,1
sickle,1
whit,1
chastises,1
arrives,1
heaving,1
sobs,1
accomplisher,1
prohibiting,1
likely,1
exhortation,1
eleven,1
concoct,1
seekers,1
loved,1
wellwishers,1
saddens,1
weeping,1
stained,1
watercarrier,1
bucket,1
dirhams,1
estimation,1
bought,1
manhood,1
raced,1
tore,1
aziz,1
malicious,1
banquet,1
knife,1
extol,1
amazement,1
liking,1
youthful,1
hearkened,1
occurred,1
imprison,1
pressing,1
bread,1
ere,1
differing,1
interpret,1
visions,1
medley,1
skilled,1
bethought,1
azizs,1
absolve,1
fidelity,1
storehouses,1
importance,1
saddlebags,1
quantity,1
jacobs,1
discharged,1
drinking,1
shouted,1
beaker,1
egyptians,1
atone,1
steals,1
situated,1
aged,1
venerable,1
yielding,1
theft,1
contrived,1
maybe,1
melancholy,1
extremity,1
complain,1
scanty,1
charitable,1
scent,1
dotard,1
regained,1
understandeth,1
submitting,1
unite,1
weaving,1
warded,1
regulate,1
neighbouring,1
servitude,1
fertilising,1
flingeth,1
loudvoiced,1
striketh,1
acknowledging,1
torrent,1
foam,1
ore,1
utensils,1
disappears,1
whomso,1
blessedness,1
cloven,1
standeth,1
harder,1
clans,1
appreciative,1
denounced,1
gulps,1
swallowing,1
quarter,1
blows,1
torments,1
branches,1
stability,1
befriending,1
pursuing,1
cultivation,1
establishes,1
uplifted,1
gaping,1
behoof,1
liquid,1
pitch,1
disbelieve,1
undeceive,1
religious,1
intoxicated,1
devil,1
bright,1
inexhaustible,1
ascertainable,1
measures,1
fecundating,1
stores,1
passes,1
uinn,1
class,1
amid,1
joyfully,1
excepting,1
ascertained,1
uncommon,1
remnants,1
highroad,1
hew,1
edifices,1
mastercreator,1
grand,1
qur,1
wistfully,1
warneth,1
ambiguity,1
arbitrary,1
shreds,1
disputer,1
warmth,1
loads,1
mules,1
donkeys,1
qualities,1
signposts,1
structures,1
scoffed,1
surrendered,1
goings,1
frustrating,1
wastage,1
inanimate,1
humblest,1
revere,1
groans,1
removes,1
sufferance,1
excretions,1
vine,1
cells,1
allpowerful,1
grandchildren,1
spends,1
privately,1
wearisome,1
quicker,1
affections,1
poised,1
tents,1
handy,1
travels,1
fibres,1
articles,1
mitigated,1
instructs,1
untwisted,1
strands,1
yarn,1
spun,1
someones,1
planted,1
prize,1
reveals,1
notably,1
foreign,1
remaining,1
persecutions,1
struggling,1
closing,1
paltry,1
model,1
disagreed,1
observance,1
warfare,1
manpower,1
disfigure,1
temple,1
stable,1
announceth,1
hasty,1
transitory,1
gradation,1
squander,1
spendthrift,1
spendthrifts,1
niggards,1
destitute,1
provideth,1
killing,1
qisas,1
advantageous,1
pursue,1
rend,1
celebrates,1
oftforbear,1
invisible,1
coverings,1
similes,1
hardest,1
wag,1
dissensions,1
sway,1
seductive,1
infantry,1
gale,1
transport,1
tempt,1
scare,1
disposition,1
communicated,1
uinns,1
backed,1
mounting,1
fierceness,1
anew,1
eyeopening,1
securely,1
descended,1
intervals,1
begets,1
godless,1
fret,1
glittering,1
inscription,1
roused,1
calculating,1
declining,1
deemed,1
awake,1
stretching,1
forelegs,1
threshold,1
money,1
building,1
doubtfully,1
guessing,1
controversies,1
sleepers,1
forgettest,1
finely,1
whatsoever,1
neglect,1
flames,1
melted,1
scald,1
uncomfortable,1
surrounded,1
palms,1
wentest,1
slippery,1
twisting,1
earths,1
absorbs,1
prevails,1
allurements,1
apprehend,1
reminded,1
marvellous,1
foul,1
plied,1
unserviceable,1
unheardof,1
blocks,1
mountainsides,1
bellows,1
dig,1
surge,1
wasted,1
acquiring,1
sooner,1
expects,1
kaf,1
glisten,1
grey,1
colleagues,1
decrepit,1
respects,1
retired,1
childbirth,1
rivulet,1
ripe,1
vowed,1
amazing,1
pointed,1
cradle,1
befitting,1
determines,1
missed,1
equipment,1
extends,1
eventual,1
penetrated,1
adversaries,1
incite,1
monstrous,1
consonant,1
taha,1
shoes,1
uses,1
expand,1
impediment,1
regardeth,1
reared,1
nurse,1
cooled,1
mildly,1
awaits,1
enabled,1
chances,1
expert,1
institutions,1
concert,1
serried,1
wins,1
rodsso,1
lively,1
thrives,1
trunks,1
desirest,1
suggested,1
beard,1
footprint,1
worshipper,1
melt,1
bleareyed,1
eminent,1
uproot,1
curved,1
tramp,1
subsisting,1
hopeless,1
curtailment,1
landed,1
hungry,1
whispered,1
decays,1
nakedness,1
narrowed,1
disregard,1
haunts,1
toying,1
witchcraft,1
medleys,1
pastime,1
hurl,1
knocks,1
brain,1
proud,1
intermit,1
unit,1
clove,1
celestial,1
swim,1
rounded,1
permanent,1
permanently,1
confound,1
defended,1
mustard,1
assiduously,1
nephew,1
grandson,1
served,1
unruly,1
tamely,1
dived,1
zunnun,1
cured,1
wifes,1
barrenness,1
ban,1
swarm,1
hill,1
sobbing,1
slightest,1
greetings,1
roll,1
undertaken,1
wrote,1
suckling,1
pregnant,1
drunken,1
riot,1
drunk,1
morsel,1
babes,1
feeblest,1
swells,1
disdainfully,1
bending,1
verge,1
ceiling,1
enrages,1
magians,1
antagonists,1
scalded,1
maces,1
purest,1
speeches,1
visitor,1
site,1
mounted,1
circumambulate,1
exception,1
swooped,1
prey,1
fardistant,1
afflictions,1
pulled,1
monasteries,1
churches,1
synagogues,1
wells,1
wellbuilt,1
framed,1
retaliated,1
inordinately,1
ceremonies,1
ought,1
discipline,1
eventually,1
foetus,1
developed,1
soak,1
drain,1
springing,1
relish,1
slips,1
superiority,1
species,1
embarked,1
sorry,1
rubbish,1
affording,1
rejoices,1
fables,1
ponder,1
askest,1
deviating,1
submissively,1
entreat,1
governance,1
protects,1
protected,1
lorded,1
grin,1
displaced,1
achieved,1
allegations,1
eighty,1
accuser,1
construction,1
amplitude,1
helping,1
indiscreet,1
affected,1
saluted,1
seemly,1
ordinarily,1
bosoms,1
physical,1
sum,1
maids,1
prostitution,1
compels,1
illustration,1
niche,1
brilliant,1
luminous,1
scarce,1
merchandise,1
sandy,1
mistakes,1
vast,1
hardly,1
outspread,1
mode,1
masses,1
hail,1
vivid,1
flash,1
blinds,1
alternates,1
doff,1
clothes,1
noonday,1
latenight,1
undress,1
attending,1
senior,1
elderly,1
prospect,1
wanton,1
modest,1
separately,1
requiring,1
collective,1
action,1
withstand,1
dictated,1
ranging,1
sigh,1
walked,1
fairest,1
descending,1
wellarranged,1
examples,1
annihilation,1
prolong,1
stationary,1
contraction,1
robe,1
slake,1
distributed,1
strenuousness,1
lineage,1
misbeliever,1
commandest,1
constellations,1
meets,1
conversion,1
futility,1
avoidance,1
droop,1
uneasy,1
frettest,1
newlyrevealed,1
fled,1
invested,1
enslaved,1
veritable,1
madman,1
dispatch,1
rods,1
israelites,1
forewarned,1
sunrise,1
mass,1
attendance,1
cures,1
latest,1
bickerings,1
seducers,1
landmark,1
exert,1
admonishers,1
customary,1
device,1
breaking,1
carve,1
severally,1
upright,1
working,1
overshadowing,1
nonarabs,1
respited,1
suit,1
movements,1
hearsay,1
assailants,1
vicissitudes,1
qurana,1
substituted,1
corruptly,1
davids,1
smiled,1
amused,1
muster,1
absentees,1
execute,1
ruling,1
requisite,1
queen,1
advise,1
noblest,1
ambassadors,1
embassy,1
ifrit,1
transform,1
diverted,1
lake,1
tucked,1
skirts,1
uncovering,1
paved,1
slabs,1
factions,1
quarrelling,1
reform,1
positively,1
grossly,1
wellplanted,1
orchards,1
separating,1
relieves,1
comprehend,1
uncertainty,1
thereanent,1
smitten,1
conscious,1
lowliness,1
accrue,1
sanctified,1
depressing,1
depressed,1
watched,1
stranger,1
attached,1
comforted,1
appealed,1
fist,1
misleads,1
quarrelsome,1
slewest,1
yesterday,1
shepherds,1
desperate,1
bashfully,1
narrated,1
wages,1
employ,1
trusty,1
illwill,1
firebrand,1
warm,1
hallowed,1
credentials,1
eloquent,1
arm,1
invest,1
kiln,1
bake,1
bricks,1
flung,1
loathed,1
insight,1
western,1
commission,1
formerly,1
assisting,1
lovest,1
obscure,1
doubtless,1
immediately,1
envied,1
handedness,1
lend,1
exists,1
uudgments,1
deluge,1
disown,1
councils,1
addicted,1
overreach,1
builds,1
flimsiest,1
spiders,1
restrains,1
pagan,1
transcribe,1
selfevident,1
disdaining,1
defeat,1
victorious,1
tilled,1
populated,1
mead,1
late,1
variations,1
languages,1
loftiest,1
steadily,1
afflicts,1
averting,1
majestically,1
meted,1
raindrops,1
memorials,1
hoary,1
propounded,1
mustardseed,1
anywhere,1
betide,1
cheek,1
moderate,1
harshest,1
braying,1
ass,1
beckoning,1
wave,1
covers,1
halt,1
perfidious,1
limbs,1
reserve,1
tells,1
counts,1
bloodrelations,1
nevertheless,1
closest,1
overwhelm,1
hurricane,1
gaped,1
shaking,1
yathrib,1
effected,1
incited,1
revolving,1
hovers,1
bedouins,1
engages,1
confederate,1
strongholds,1
frequented,1
welldoers,1
complacent,1
dazzling,1
spotless,1
option,1
zaid,1
indicated,1
annoyances,1
paternal,1
maternal,1
migrated,1
dedicates,1
defer,1
nigher,1
cooling,1
prevention,1
attract,1
handmaidens,1
familiar,1
annoys,1
dismiss,1
undeservedly,1
calumny,1
glaring,1
molested,1
vexed,1
insulted,1
undertake,1
undertook,1
t,1
ascends,1
disintegration,1
coast,1
balancing,1
rings,1
armour,1
font,1
arches,1
basins,1
reservoirs,1
cooking,1
cauldrons,1
solomons,1
worm,1
slowly,1
gnawing,1
homeland,1
dams,1
converted,1
tamarisks,1
stunted,1
lote,1
prominent,1
positions,1
distances,1
dispersed,1
universal,1
throwing,1
reside,1
replaces,1
tenth,1
interest,1
restores,1
quake,1
continually,1
slanders,1
partisans,1
looks,1
sighing,1
revive,1
exalts,1
conceives,1
longlived,1
partnership,1
anothers,1
chilly,1
genial,1
intense,1
hue,1
crawling,1
observant,1
odium,1
undoing,1
function,1
authors,1
allpowerf,1
deserve,1
chins,1
enrolled,1
needful,1
orchard,1
datestalk,1
outstrip,1
swims,1
orbit,1
loaded,1
meeds,1
associates,1
groves,1
embrace,1
persistently,1
groping,1
reversed,1
instructed,1
poetry,1
hoping,1
decomposed,1
infinite,1
range,1
repelling,1
repulsed,1
sticky,1
puff,1
crystalwhite,1
headiness,1
delicate,1
eggs,1
closely,1
start,1
devils,1
sick,1
hurried,1
faced,1
carved,1
handwork,1
furnace,1
boy,1
ransomed,1
overcame,1
baal,1
sites,1
uonah,1
ran,1
captivity,1
inside,1
sickness,1
gourd,1
bloodrelationship,1
assisted,1
conquer,1
hurry,1
selfglory,1
separatism,1
impatiently,1
designed,1
madeup,1
brook,1
unison,1
climbed,1
terrified,1
ninety,1
harsh,1
ewe,1
flock,1
lapse,1
mediate,1
coursers,1
breeding,1
suits,1
builder,1
diver,1
refreshing,1
grass,1
proclaiming,1
elect,1
misleaders,1
recriminations,1
discuss,1
prevents,1
itting,1
pretender,1
liketh,1
bestoweth,1
misleading,1
worships,1
exclusive,1
eschews,1
hardhearted,1
consistent,1
repeating,1
aspects,1
tremble,1
soften,1
brunt,1
variance,1
supports,1
frighten,1
abides,1
strays,1
injures,1
surrounding,1
singing,1
accepteth,1
tricks,1
errors,1
warns,1
wailing,1
mazes,1
resting,1
decides,1
advantages,1
professing,1
nourishment,1
marched,1
random,1
incitement,1
pervert,1
arab,1
datefruit,1
sheath,1
conceive,1
attributed,1
stored,1
regions,1
admits,1
divisions,1
tending,1
somewhat,1
luxuriant,1
meads,1
proves,1
accepts,1
smoothrunning,1
motionless,1
perseveres,1
oppressive,1
cowed,1
oppress,1
defying,1
courageous,1
resolution,1
stealthy,1
putting,1
tend,1
square,1
seated,1
blasphemous,1
trinkets,1
associated,1
blasphemes,1
stairways,1
ridiculed,1
accompanying,1
procession,1
provoked,1
disagreement,1
dishes,1
ayes,1
malik,1
babble,1
enveloping,1
effectual,1
tutored,1
injuring,1
furrow,1
client,1
scalding,1
dressed,1
revives,1
dealer,1
learns,1
ensures,1
evidences,1
dealers,1
thence,1
unconscious,1
newfangled,1
similarity,1
ads,1
sandtracts,1
threaten,1
traversing,1
valleys,1
forthcoming,1
silence,1
wearied,1
inflexible,1
fates,1
incorruptible,1
honey,1
cuts,1
bowels,1
categorical,1
instigated,1
busied,1
wiled,1
reported,1
mettle,1
fainthearted,1
crying,1
uppermost,1
illfeeling,1
expense,1
stead,1
violates,1
fulfils,1
herds,1
jealous,1
detained,1
trampling,1
accrued,1
stick,1
shaved,1
taurat,1
blade,1
thick,1
stem,1
filling,1
sowers,1
fills,1
unwittingly,1
endeared,1
contending,1
defame,1
sarcastic,1
offensive,1
nicknames,1
seeming,1
connoting,1
spy,1
abhor,1
belittle,1
striven,1
belongings,1
impress,1
embraced,1
flaws,1
charted,1
jugular,1
vein,1
sentinel,1
stupor,1
trying,1
contumacious,1
rejecter,1
overawe,1
weights,1
distribute,1
apportion,1
discordant,1
alsehoodmongers,1
flounder,1
sleeping,1
remembered,1
unusual,1
fatted,1
evacuated,1
devastating,1
rottenness,1
vastness,1
excellently,1
transmitted,1
fellows,1
unfolded,1
muchfrequented,1
fane,1
paddle,1
shallow,1
irresistibly,1
health,1
arranged,1
engaging,1
enquiry,1
vulgar,1
hatched,1
urge,1
fabricated,1
managers,1
listener,1
involved,1
heaps,1
perforce,1
na,1
jm,1
lengths,1
falsified,1
descent,1
shrouded,1
unspeakable,1
lat,1
uzza,1
goddess,1
manat,1
unfair,1
hankers,1
manysoever,1
avails,1
hardens,1
strives,1
laughter,1
lodged,1
sirius,1
lease,1
sodom,1
gomorrah,1
approaching,1
wasting,1
transient,1
recitals,1
mature,1
torpid,1
hastening,1
transfixed,1
planks,1
caulked,1
floats,1
scorn,1
sword,1
gangs,1
omnipotent,1
computed,1
herbs,1
enclosing,1
sweetsmelling,1
pottery,1
easts,1
wests,1
defence,1
ointment,1
forelocks,1
seat,1
linings,1
maidens,1
rubies,1
darkgreen,1
plentiful,1
continuous,1
pavilions,1
exalt,1
crumbled,1
encrusted,1
precious,1
beakers,1
cups,1
afterache,1
select,1
fowls,1
lotetrees,1
thorns,1
talh,1
flowers,1
longextended,1
virgin,1
undefiled,1
refresh,1
luxury,1
wellknown,1
diseased,1
creating,1
unpalatable,1
memorial,1
article,1
denizens,1
dying,1
independence,1
immanent,1
borrow,1
alongside,1
boasting,1
multiplying,1
tillers,1
crumbles,1
monasticism,1
prescribe,1
arguments,1
iniquitous,1
consecutively,1
sixty,1
fewer,1
salutes,1
conducive,1
fortresses,1
quarters,1
resisted,1
resists,1
camelry,1
circuit,1
aiding,1
misbelieving,1
fortified,1
lately,1
preceded,1
allies,1
cleave,1
preserver,1
evolver,1
bestower,1
arisen,1
kindly,1
driving,1
circumstances,1
refugees,1
examine,1
accession,1
forging,1
grievously,1
solid,1
cemented,1
vex,1
insult,1
ahmad,1
blowing,1
mosaic,1
tomes,1
falsify,1
judaism,1
exclusion,1
exteriors,1
listenest,1
timber,1
propped,1
quit,1
element,1
meaner,1
assembles,1
accurately,1
prepares,1
style,1
restrict,1
opposed,1
rehearses,1
explanations,1
holdest,1
seekest,1
dissolution,1
disclosed,1
divulged,1
repudiated,1
previously,1
virgins,1
executing,1
precisely,1
respectively,1
mansion,1
daughter,1
testified,1
tforgiving,1
flaw,1
dull,1
discomfited,1
worn,1
missiles,1
blazes,1
bursting,1
egregious,1
confess,1
manageable,1
furnishes,1
shakes,1
uphold,1
grovelling,1
evenly,1
slanderer,1
habitually,1
cruel,1
baseborn,1
snout,1
reservation,1
visitation,1
swept,1
betimes,1
conversing,1
allahhead,1
shin,1
trip,1
storm,1
exceedingly,1
surviving,1
habitual,1
noahs,1
overflowed,1
memory,1
crushed,1
stroke,1
flimsy,1
cubits,1
sayings,1
artery,1
questioner,1
ascend,1
faroff,1
redeem,1
sacrificing,1
sheltered,1
skull,1
impatient,1
fretful,1
asks,1
blamed,1
testimonies,1
sacredness,1
madly,1
base,1
goalpost,1
lowered,1
dejection,1
longsuffering,1
wadd,1
suwa,1
yaguth,1
yauq,1
lieu,1
breed,1
untrue,1
pried,1
divergent,1
undergo,1
important,1
watchers,1
rhythmic,1
potent,1
framing,1
occupation,1
ordinary,1
heartedly,1
chokes,1
hoaryheaded,1
illhealth,1
comfortable,1
greedythat,1
refractory,1
scowled,1
derived,1
darkening,1
nineteen,1
retreateth,1
shineth,1
affrighted,1
asses,1
lion,1
reproaching,1
promulgate,1
beam,1
dismal,1
backbreaking,1
collarbone,1
conclude,1
leg,1
uncontrolled,1
sexes,1
kafur,1
unstinted,1
blissful,1
crystal,1
crystalclear,1
zan,1
jabil,1
salsabil,1
realm,1
joints,1
violently,1
gusts,1
justification,1
â€¢,1
deferred,1
gestation,1
coolness,1
forts,1
string,1
marching,1
pleas,1
amidst,1
pegs,1
vegetables,1
luxurious,1
impudently,1
voluptuous,1
brim,1
untruth,1
metre,1
glide,1
errands,1
commotions,1
agitation,1
rotten,1
awakening,1
proclamation,1
constructed,1
endow,1
extended,1
entertained,1
interrupting,1
greatly,1
scribes,1
mouldeth,1
putteth,1
nutritious,1
odder,1
deafening,1
concern,1
indifferent,1
duststained,1
blackness,1
losing,1
lustre,1
shecamels,1
untended,1
herded,1
infant,1
unveiled,1
planets,1
recede,1
dissipates,1
breathes,1
grudgingly,1
bias,1
nit,1
raud,1
veiled,1
illiyin,1
illiyun,1
slaked,1
musk,1
aspire,1
aspirations,1
tasnim,1
wink,1
flattened,1
casts,1
painfully,1
ruddy,1
glow,1
sunset,1
homing,1
fullness,1
secrete,1
displaying,1
makers,1
witnessed,1
grip,1
tablet,1
backbone,1
ribs,1
opens,1
gushing,1
sprouting,1
distinguishes,1
awhile,1
luscious,1
swarthy,1
simple,1
avoided,1
labouring,1
dhari,1
joyful,1
bubbling,1
manage,1
odd,1
contrasted,1
iram,1
scourge,1
chastisements,1
watchtower,1
restricting,1
pounded,1
wellpleasing,1
freeman,1
parent,1
boastfully,1
squandered,1
beholdeth,1
privation,1
claims,1
relationship,1
unhappy,1
vaulted,1
succeeds,1
corrupts,1
deputed,1
obliterated,1
miser,1
selfpurification,1
forsaken,1
displeased,1
independent,1
repulse,1
petitioner,1
expanded,1
gall,1
moulds,1
abase,1
contradict,1
wisest,1
votary,1
enjoins,1
comrades,1
companies,1
panting,1
push,1
penetrate,1
en,1
masse,1
moths,1
carded,1
bottomless,1
diverts,1
token,1
scandalmonger,1
andbackbiter,1
pileth,1
thinking,1
vault,1
flights,1
stalks,1
straw,1
safeguard,1
winter,1
summer,1
fea,1
repulses,1
encourages,1
neglectful,1
neighbourly,1
fount,1
hateth,1
crackling,1
palmleaf,1
begetteth,1
overspreads,1
arts,1
envious,1
practises,1
ruler,1
whisperer,1
